{"variaveis": {"Bombeamento_Polpa_PRDT_C_d01_h01": 1.0, "Bombeamento_Polpa_PRDT_C_d01_h02": 0.0, "Bombeamento_Polpa_PRDT_C_d01_h03": 0.0, "Bombeamento_Polpa_PRDT_C_d01_h04": 0.0, "Bombeamento_Polpa_PRDT_C_d01_h05": 0.0, "Bombeamento_Polpa_PRDT_C_d01_h06": 0.0, "Bombeamento_Polpa_PRDT_C_d01_h07": 0.0, "Bombeamento_Polpa_PRDT_C_d01_h08": 0.0, "Bombeamento_Polpa_PRDT_C_d01_h09": 0.0, "Bombeamento_Polpa_PRDT_C_d01_h10": 0.0, "Bombeamento_Polpa_PRDT_C_d01_h11": 0.0, "Bombeamento_Polpa_PRDT_C_d01_h12": 0.0, "Bombeamento_Polpa_PRDT_C_d01_h13": 0.0, "Bombeamento_Polpa_PRDT_C_d01_h14": 0.0, "Bombeamento_Polpa_PRDT_C_d01_h15": 0.0, "Bombeamento_Polpa_PRDT_C_d01_h16": 0.0, "Bombeamento_Polpa_PRDT_C_d01_h17": 0.0, "Bombeamento_Polpa_PRDT_C_d01_h18": 0.0, "Bombeamento_Polpa_PRDT_C_d01_h19": 0.0, "Bombeamento_Polpa_PRDT_C_d01_h20": 0.0, "Bombeamento_Polpa_PRDT_C_d01_h21": 0.0, "Bombeamento_Polpa_PRDT_C_d01_h22": 0.0, "Bombeamento_Polpa_PRDT_C_d01_h23": 0.0, "Bombeamento_Polpa_PRDT_C_d01_h24": 0.0, "Estoque_EB06_PRDT_C_d01_h01": 8730.0, "Estoque_EB06_PRDT_C_d01_h02": 9598.01516097302, "Estoque_EB06_PRDT_C_d01_h03": 10249.026531702784, "Estoque_EB06_PRDT_C_d01_h04": 10249.026531702784, "Estoque_EB06_PRDT_C_d01_h05": 10249.026531702784, "Estoque_EB06_PRDT_C_d01_h06": 10249.026531702784, "Estoque_EB06_PRDT_C_d01_h07": 10249.026531702784, "Estoque_EB06_PRDT_C_d01_h08": 10249.026531702784, "Estoque_EB06_PRDT_C_d01_h09": 10249.026531702784, "Estoque_EB06_PRDT_C_d01_h10": 10249.026531702784, "Estoque_EB06_PRDT_C_d01_h11": 10249.026531702784, "Estoque_EB06_PRDT_C_d01_h12": 10249.026531702784, "Estoque_EB06_PRDT_C_d01_h13": 10249.026531702784, "Estoque_EB06_PRDT_C_d01_h14": 10249.026531702784, "Estoque_EB06_PRDT_C_d01_h15": 10249.026531702784, "Estoque_EB06_PRDT_C_d01_h16": 10249.026531702784, "Estoque_EB06_PRDT_C_d01_h17": 10249.026531702784, "Estoque_EB06_PRDT_C_d01_h18": 10249.026531702784, "Estoque_EB06_PRDT_C_d01_h19": 10249.026531702784, "Estoque_EB06_PRDT_C_d01_h20": 10249.026531702784, "Estoque_EB06_PRDT_C_d01_h21": 10249.026531702784, "Estoque_EB06_PRDT_C_d01_h22": 10249.026531702784, "Estoque_EB06_PRDT_C_d01_h23": 10249.026531702784, "Estoque_EB06_PRDT_C_d01_h24": 10249.026531702784, "Estoque_Pulmao_Concentrador_PRDT_d01_h01": 100000.0, "Estoque_Pulmao_Concentrador_PRDT_d01_h02": 100000.0, "Estoque_Pulmao_Concentrador_PRDT_d01_h03": 100000.0, "Estoque_Pulmao_Concentrador_PRDT_d01_h04": 100000.0, "Estoque_Pulmao_Concentrador_PRDT_d01_h05": 100000.0, "Estoque_Pulmao_Concentrador_PRDT_d01_h06": 100000.0, "Estoque_Pulmao_Concentrador_PRDT_d01_h07": 100000.0, "Estoque_Pulmao_Concentrador_PRDT_d01_h08": 100000.0, "Estoque_Pulmao_Concentrador_PRDT_d01_h09": 100000.0, "Estoque_Pulmao_Concentrador_PRDT_d01_h10": 100000.0, "Estoque_Pulmao_Concentrador_PRDT_d01_h11": 100000.0, "Estoque_Pulmao_Concentrador_PRDT_d01_h12": 100000.0, "Estoque_Pulmao_Concentrador_PRDT_d01_h13": 100000.0, "Estoque_Pulmao_Concentrador_PRDT_d01_h14": 100000.0, "Estoque_Pulmao_Concentrador_PRDT_d01_h15": 100000.0, "Estoque_Pulmao_Concentrador_PRDT_d01_h16": 100000.0, "Estoque_Pulmao_Concentrador_PRDT_d01_h17": 100000.0, "Estoque_Pulmao_Concentrador_PRDT_d01_h18": 100000.0, "Estoque_Pulmao_Concentrador_PRDT_d01_h19": 100000.0, "Estoque_Pulmao_Concentrador_PRDT_d01_h20": 100000.0, "Estoque_Pulmao_Concentrador_PRDT_d01_h21": 100000.0, "Estoque_Pulmao_Concentrador_PRDT_d01_h22": 100000.0, "Estoque_Pulmao_Concentrador_PRDT_d01_h23": 100000.0, "Estoque_Pulmao_Concentrador_PRDT_d01_h24": 100000.0, "Geracao_de_lama___C3___Prog_d01_h01": 0.0, "Geracao_de_lama___C3___Prog_d01_h02": 214.65843749999993, "Geracao_de_lama___C3___Prog_d01_h03": 160.99382812499994, "Geracao_de_lama___C3___Prog_d01_h04": 0.0, "Geracao_de_lama___C3___Prog_d01_h05": 0.0, "Geracao_de_lama___C3___Prog_d01_h06": 0.0, "Geracao_de_lama___C3___Prog_d01_h07": 0.0, "Geracao_de_lama___C3___Prog_d01_h08": 0.0, "Geracao_de_lama___C3___Prog_d01_h09": 0.0, "Geracao_de_lama___C3___Prog_d01_h10": 0.0, "Geracao_de_lama___C3___Prog_d01_h11": 0.0, "Geracao_de_lama___C3___Prog_d01_h12": 0.0, "Geracao_de_lama___C3___Prog_d01_h13": 0.0, "Geracao_de_lama___C3___Prog_d01_h14": 0.0, "Geracao_de_lama___C3___Prog_d01_h15": 0.0, "Geracao_de_lama___C3___Prog_d01_h16": 0.0, "Geracao_de_lama___C3___Prog_d01_h17": 0.0, "Geracao_de_lama___C3___Prog_d01_h18": 0.0, "Geracao_de_lama___C3___Prog_d01_h19": 0.0, "Geracao_de_lama___C3___Prog_d01_h20": 0.0, "Geracao_de_lama___C3___Prog_d01_h21": 0.0, "Geracao_de_lama___C3___Prog_d01_h22": 0.0, "Geracao_de_lama___C3___Prog_d01_h23": 0.0, "Geracao_de_lama___C3___Prog_d01_h24": 0.0, "Geracao_de_rejeito_arenoso___C3___Prog_d01_h01": 0.0, "Geracao_de_rejeito_arenoso___C3___Prog_d01_h02": 848.7600934228935, "Geracao_de_rejeito_arenoso___C3___Prog_d01_h03": 636.5700700671703, "Geracao_de_rejeito_arenoso___C3___Prog_d01_h04": 0.0, "Geracao_de_rejeito_arenoso___C3___Prog_d01_h05": 0.0, "Geracao_de_rejeito_arenoso___C3___Prog_d01_h06": 0.0, "Geracao_de_rejeito_arenoso___C3___Prog_d01_h07": 0.0, "Geracao_de_rejeito_arenoso___C3___Prog_d01_h08": 0.0, "Geracao_de_rejeito_arenoso___C3___Prog_d01_h09": 0.0, "Geracao_de_rejeito_arenoso___C3___Prog_d01_h10": 0.0, "Geracao_de_rejeito_arenoso___C3___Prog_d01_h11": 0.0, "Geracao_de_rejeito_arenoso___C3___Prog_d01_h12": 0.0, "Geracao_de_rejeito_arenoso___C3___Prog_d01_h13": 0.0, "Geracao_de_rejeito_arenoso___C3___Prog_d01_h14": 0.0, "Geracao_de_rejeito_arenoso___C3___Prog_d01_h15": 0.0, "Geracao_de_rejeito_arenoso___C3___Prog_d01_h16": 0.0, "Geracao_de_rejeito_arenoso___C3___Prog_d01_h17": 0.0, "Geracao_de_rejeito_arenoso___C3___Prog_d01_h18": 0.0, "Geracao_de_rejeito_arenoso___C3___Prog_d01_h19": 0.0, "Geracao_de_rejeito_arenoso___C3___Prog_d01_h20": 0.0, "Geracao_de_rejeito_arenoso___C3___Prog_d01_h21": 0.0, "Geracao_de_rejeito_arenoso___C3___Prog_d01_h22": 0.0, "Geracao_de_rejeito_arenoso___C3___Prog_d01_h23": 0.0, "Geracao_de_rejeito_arenoso___C3___Prog_d01_h24": 0.0, "Nivel_Taxa_Alimentacao___C3_PRDT_PRDT_C_d01_h01": -0.0, "Nivel_Taxa_Alimentacao___C3_PRDT_PRDT_C_d01_h02": 4.0, "Nivel_Taxa_Alimentacao___C3_PRDT_PRDT_C_d01_h03": 3.0, "Nivel_Taxa_Alimentacao___C3_PRDT_PRDT_C_d01_h04": -0.0, "Nivel_Taxa_Alimentacao___C3_PRDT_PRDT_C_d01_h05": 0.0, "Nivel_Taxa_Alimentacao___C3_PRDT_PRDT_C_d01_h06": -0.0, "Nivel_Taxa_Alimentacao___C3_PRDT_PRDT_C_d01_h07": 0.0, "Nivel_Taxa_Alimentacao___C3_PRDT_PRDT_C_d01_h08": -0.0, "Nivel_Taxa_Alimentacao___C3_PRDT_PRDT_C_d01_h09": 0.0, "Nivel_Taxa_Alimentacao___C3_PRDT_PRDT_C_d01_h10": -0.0, "Nivel_Taxa_Alimentacao___C3_PRDT_PRDT_C_d01_h11": 0.0, "Nivel_Taxa_Alimentacao___C3_PRDT_PRDT_C_d01_h12": -0.0, "Nivel_Taxa_Alimentacao___C3_PRDT_PRDT_C_d01_h13": 0.0, "Nivel_Taxa_Alimentacao___C3_PRDT_PRDT_C_d01_h14": -0.0, "Nivel_Taxa_Alimentacao___C3_PRDT_PRDT_C_d01_h15": 0.0, "Nivel_Taxa_Alimentacao___C3_PRDT_PRDT_C_d01_h16": -0.0, "Nivel_Taxa_Alimentacao___C3_PRDT_PRDT_C_d01_h17": 0.0, "Nivel_Taxa_Alimentacao___C3_PRDT_PRDT_C_d01_h18": -0.0, "Nivel_Taxa_Alimentacao___C3_PRDT_PRDT_C_d01_h19": 0.0, "Nivel_Taxa_Alimentacao___C3_PRDT_PRDT_C_d01_h20": 0.0, "Nivel_Taxa_Alimentacao___C3_PRDT_PRDT_C_d01_h21": -0.0, "Nivel_Taxa_Alimentacao___C3_PRDT_PRDT_C_d01_h22": -0.0, "Nivel_Taxa_Alimentacao___C3_PRDT_PRDT_C_d01_h23": 0.0, "Nivel_Taxa_Alimentacao___C3_PRDT_PRDT_C_d01_h24": -0.0, "Producao___C3___Prog_PRDT_C_d01_h01": 0.0, "Producao___C3___Prog_PRDT_C_d01_h02": 1196.1439690771065, "Producao___C3___Prog_PRDT_C_d01_h03": 897.1079768078298, "Producao___C3___Prog_PRDT_C_d01_h04": 0.0, "Producao___C3___Prog_PRDT_C_d01_h05": 0.0, "Producao___C3___Prog_PRDT_C_d01_h06": 0.0, "Producao___C3___Prog_PRDT_C_d01_h07": 0.0, "Producao___C3___Prog_PRDT_C_d01_h08": 0.0, "Producao___C3___Prog_PRDT_C_d01_h09": 0.0, "Producao___C3___Prog_PRDT_C_d01_h10": 0.0, "Producao___C3___Prog_PRDT_C_d01_h11": 0.0, "Producao___C3___Prog_PRDT_C_d01_h12": 0.0, "Producao___C3___Prog_PRDT_C_d01_h13": 0.0, "Producao___C3___Prog_PRDT_C_d01_h14": 0.0, "Producao___C3___Prog_PRDT_C_d01_h15": 0.0,