{"variaveis": {"Estoque_EB06_PRDT_C_d01_h01": 868.0151609730199, "Estoque_EB06_PRDT_C_d01_h02": 1736.0303219460397, "Estoque_EB06_PRDT_C_d01_h03": 1334.0454829190596, "Estoque_EB06_PRDT_C_d01_h04": 932.0606438920795, "Estoque_EB06_PRDT_C_d01_h05": 530.0758048650994, "Estoque_EB06_PRDT_C_d01_h06": 128.09096583811925, "Estoque_EB06_PRDT_C_d01_h07": 996.1061268111391, "Estoque_EB06_PRDT_C_d01_h08": 1864.121287784159, "Estoque_EB06_PRDT_C_d01_h09": 2732.1364487571786, "Estoque_EB06_PRDT_C_d01_h10": 3600.1516097301983, "Estoque_EB06_PRDT_C_d01_h11": 4468.166770703219, "Estoque_EB06_PRDT_C_d01_h12": 4902.174351189729, "Estoque_EB06_PRDT_C_d01_h13": 4902.174351189729, "Estoque_EB06_PRDT_C_d01_h14": 5770.189512162749, "Estoque_EB06_PRDT_C_d01_h15": 6638.20467313577, "Estoque_EB06_PRDT_C_d01_h16": 7506.21983410879, "Estoque_EB06_PRDT_C_d01_h17": 8374.234995081808, "Estoque_EB06_PRDT_C_d01_h18": 9242.250156054828, "Estoque_EB06_PRDT_C_d01_h19": 10110.265317027848, "Estoque_EB06_PRDT_C_d01_h20": 10110.265317027848, "Estoque_EB06_PRDT_C_d01_h21": 10110.265317027848, "Estoque_EB06_PRDT_C_d01_h22": 10110.265317027848, "Estoque_EB06_PRDT_C_d01_h23": 10110.265317027848, "Estoque_EB06_PRDT_C_d01_h24": 10110.265317027848, "Estoque_Pulmao_Concentrador_PRDT_d01_h01": 97500.0, "Estoque_Pulmao_Concentrador_PRDT_d01_h02": 95000.0, "Estoque_Pulmao_Concentrador_PRDT_d01_h03": 92500.0, "Estoque_Pulmao_Concentrador_PRDT_d01_h04": 90000.0, "Estoque_Pulmao_Concentrador_PRDT_d01_h05": 87500.0, "Estoque_Pulmao_Concentrador_PRDT_d01_h06": 85000.0, "Estoque_Pulmao_Concentrador_PRDT_d01_h07": 82500.0, "Estoque_Pulmao_Concentrador_PRDT_d01_h08": 80000.0, "Estoque_Pulmao_Concentrador_PRDT_d01_h09": 77500.0, "Estoque_Pulmao_Concentrador_PRDT_d01_h10": 75000.0, "Estoque_Pulmao_Concentrador_PRDT_d01_h11": 72500.0, "Estoque_Pulmao_Concentrador_PRDT_d01_h12": 71250.0, "Estoque_Pulmao_Concentrador_PRDT_d01_h13": 71250.0, "Estoque_Pulmao_Concentrador_PRDT_d01_h14": 68750.0, "Estoque_Pulmao_Concentrador_PRDT_d01_h15": 66250.0, "Estoque_Pulmao_Concentrador_PRDT_d01_h16": 63750.0, "Estoque_Pulmao_Concentrador_PRDT_d01_h17": 61250.0, "Estoque_Pulmao_Concentrador_PRDT_d01_h18": 58750.0, "Estoque_Pulmao_Concentrador_PRDT_d01_h19": 56250.0, "Estoque_Pulmao_Concentrador_PRDT_d01_h20": 56250.0, "Estoque_Pulmao_Concentrador_PRDT_d01_h21": 56250.0, "Estoque_Pulmao_Concentrador_PRDT_d01_h22": 56250.0, "Estoque_Pulmao_Concentrador_PRDT_d01_h23": 56250.0, "Estoque_Pulmao_Concentrador_PRDT_d01_h24": 56250.0, "Geracao_de_lama___C3___Prog_d01_h01": 214.65843749999993, "Geracao_de_lama___C3___Prog_d01_h02": 214.65843749999993, "Geracao_de_lama___C3___Prog_d01_h03": 214.65843749999993, "Geracao_de_lama___C3___Prog_d01_h04": 214.65843749999993, "Geracao_de_lama___C3___Prog_d01_h05": 214.65843749999993, "Geracao_de_lama___C3___Prog_d01_h06": 214.65843749999993, "Geracao_de_lama___C3___Prog_d01_h07": 214.65843749999993, "Geracao_de_lama___C3___Prog_d01_h08": 214.65843749999993, "Geracao_de_lama___C3___Prog_d01_h09": 214.65843749999993, "Geracao_de_lama___C3___Prog_d01_h10": 214.65843749999993, "Geracao_de_lama___C3___Prog_d01_h11": 214.65843749999993, "Geracao_de_lama___C3___Prog_d01_h12": 107.32921874999997, "Geracao_de_lama___C3___Prog_d01_h13": 0.0, "Geracao_de_lama___C3___Prog_d01_h14": 214.65843749999993, "Geracao_de_lama___C3___Prog_d01_h15": 214.65843749999993, "Geracao_de_lama___C3___Prog_d01_h16": 214.65843749999993, "Geracao_de_lama___C3___Prog_d01_h17": 214.65843749999993, "Geracao_de_lama___C3___Prog_d01_h18": 214.65843749999993, "Geracao_de_lama___C3___Prog_d01_h19": 214.65843749999993, "Geracao_de_lama___C3___Prog_d01_h20": 0.0, "Geracao_de_lama___C3___Prog_d01_h21": 0.0, "Geracao_de_lama___C3___Prog_d01_h22": 0.0, "Geracao_de_lama___C3___Prog_d01_h23": 0.0, "Geracao_de_lama___C3___Prog_d01_h24": 0.0, "Geracao_de_rejeito_arenoso___C3___Prog_d01_h01": 848.7600934228935, "Geracao_de_rejeito_arenoso___C3___Prog_d01_h02": 848.7600934228935, "Geracao_de_rejeito_arenoso___C3___Prog_d01_h03": 848.7600934228935, "Geracao_de_rejeito_arenoso___C3___Prog_d01_h04": 848.7600934228935, "Geracao_de_rejeito_arenoso___C3___Prog_d01_h05": 848.7600934228935, "Geracao_de_rejeito_arenoso___C3___Prog_d01_h06": 848.7600934228935, "Geracao_de_rejeito_arenoso___C3___Prog_d01_h07": 848.7600934228935, "Geracao_de_rejeito_arenoso___C3___Prog_d01_h08": 848.7600934228935, "Geracao_de_rejeito_arenoso___C3___Prog_d01_h09": 848.7600934228935, "Geracao_de_rejeito_arenoso___C3___Prog_d01_h10": 848.7600934228935, "Geracao_de_rejeito_arenoso___C3___Prog_d01_h11": 848.7600934228935, "Geracao_de_rejeito_arenoso___C3___Prog_d01_h12": 424.38004671144677, "Geracao_de_rejeito_arenoso___C3___Prog_d01_h13": 0.0, "Geracao_de_rejeito_arenoso___C3___Prog_d01_h14": 848.7600934228935, "Geracao_de_rejeito_arenoso___C3___Prog_d01_h15": 848.7600934228935, "Geracao_de_rejeito_arenoso___C3___Prog_d01_h16": 848.7600934228935, "Geracao_de_rejeito_arenoso___C3___Prog_d01_h17": 848.7600934228935, "Geracao_de_rejeito_arenoso___C3___Prog_d01_h18": 848.7600934228935, "Geracao_de_rejeito_arenoso___C3___Prog_d01_h19": 848.7600934228935, "Geracao_de_rejeito_arenoso___C3___Prog_d01_h20": 0.0, "Geracao_de_rejeito_arenoso___C3___Prog_d01_h21": 0.0, "Geracao_de_rejeito_arenoso___C3___Prog_d01_h22": 0.0, "Geracao_de_rejeito_arenoso___C3___Prog_d01_h23": 0.0, "Geracao_de_rejeito_arenoso___C3___Prog_d01_h24": 0.0, "Nivel_Taxa_Alimentacao___C3_PRDT_PRDT_C_d01_h01": 4.0, "Nivel_Taxa_Alimentacao___C3_PRDT_PRDT_C_d01_h02": 4.0, "Nivel_Taxa_Alimentacao___C3_PRDT_PRDT_C_d01_h03": 4.0, "Nivel_Taxa_Alimentacao___C3_PRDT_PRDT_C_d01_h04": 4.0, "Nivel_Taxa_Alimentacao___C3_PRDT_PRDT_C_d01_h05": 4.0, "Nivel_Taxa_Alimentacao___C3_PRDT_PRDT_C_d01_h06": 4.0, "Nivel_Taxa_Alimentacao___C3_PRDT_PRDT_C_d01_h07": 4.0, "Nivel_Taxa_Alimentacao___C3_PRDT_PRDT_C_d01_h08": 4.0, "Nivel_Taxa_Alimentacao___C3_PRDT_PRDT_C_d01_h09": 4.0, "Nivel_Taxa_Alimentacao___C3_PRDT_PRDT_C_d01_h10": 4.0, "Nivel_Taxa_Alimentacao___C3_PRDT_PRDT_C_d01_h11": 4.0, "Nivel_Taxa_Alimentacao___C3_PRDT_PRDT_C_d01_h12": 2.0, "Nivel_Taxa_Alimentacao___C3_PRDT_PRDT_C_d01_h13": -0.0, "Nivel_Taxa_Alimentacao___C3_PRDT_PRDT_C_d01_h14": 4.0, "Nivel_Taxa_Alimentacao___C3_PRDT_PRDT_C_d01_h15": 4.0, "Nivel_Taxa_Alimentacao___C3_PRDT_PRDT_C_d01_h16": 4.0, "Nivel_Taxa_Alimentacao___C3_PRDT_PRDT_C_d01_h17": 4.0, "Nivel_Taxa_Alimentacao___C3_PRDT_PRDT_C_d01_h18": 4.0, "Nivel_Taxa_Alimentacao___C3_PRDT_PRDT_C_d01_h19": 4.0, "Nivel_Taxa_Alimentacao___C3_PRDT_PRDT_C_d01_h20": -0.0, "Nivel_Taxa_Alimentacao___C3_PRDT_PRDT_C_d01_h21": 0.0, "Nivel_Taxa_Alimentacao___C3_PRDT_PRDT_C_d01_h22": -0.0, "Nivel_Taxa_Alimentacao___C3_PRDT_PRDT_C_d01_h23": 0.0, "Nivel_Taxa_Alimentacao___C3_PRDT_PRDT_C_d01_h24": -0.0, "Producao___C3___Prog_PRDT_C_d01_h01": 1196.1439690771065, "Producao___C3___Prog_PRDT_C_d01_h02": 1196.1439690771065, "Producao___C3___Prog_PRDT_C_d01_h03": 1196.1439690771065, "Producao___C3___Prog_PRDT_C_d01_h04": 1196.1439690771065, "Producao___C3___Prog_PRDT_C_d01_h05": 1196.1439690771065, "Producao___C3___Prog_PRDT_C_d01_h06": 1196.1439690771065, "Producao___C3___Prog_PRDT_C_d01_h07": 1196.1439690771065, "Producao___C3___Prog_PRDT_C_d01_h08": 1196.1439690771065, "Producao___C3___Prog_PRDT_C_d01_h09": 1196.1439690771065, "Producao___C3___Prog_PRDT_C_d01_h10": 1196.1439690771065, "Producao___C3___Prog_PRDT_C_d01_h11": 1196.1439690771065, "Producao___C3___Prog_PRDT_C_d01_h12": 598.0719845385532, "Producao___C3___Prog_PRDT_C_d01_h13": 0.0, "Producao___C3___Prog_PRDT_C_d01_h14": 1196.1439690771065, "Producao___C3___Prog_PRDT_C_d01_h15": 1196.1439690771065, "Producao___C3___Prog_PRDT_C_d01_h16": 1196.1439690771065, "Producao___C3___Prog_PRDT_C_d01_h17": 1196.1439690771065, "Producao___C3___Prog_PRDT_C_d01_h18": 1196.1439690771065, "Producao___C3___Prog_PRDT_C_d01_h19": 1196.1439690771065, "Producao___C3___Prog_PRDT_C_d01_h20": 0.0, "Producao___C3___Prog_PRDT_C_d01_h21": 0.0, "Producao___C3___Prog_PRDT_C_d01_h22": 0.0,