{"variaveis": {"Estoque_EB06_PRDT_C_d01_h01": 868.0151609730199, "Estoque_EB06_PRDT_C_d01_h02": 1736.0303219460397, "Estoque_EB06_PRDT_C_d01_h03": 2604.0454829190594, "Estoque_EB06_PRDT_C_d01_h04": 3472.0606438920795, "Estoque_EB06_PRDT_C_d01_h05": 4340.0758048651, "Estoque_EB06_PRDT_C_d01_h06": 3938.0909658381197, "Estoque_EB06_PRDT_C_d01_h07": 3536.10612681114, "Estoque_EB06_PRDT_C_d01_h08": 3134.12128778416, "Estoque_EB06_PRDT_C_d01_h09": 2732.13644875718, "Estoque_EB06_PRDT_C_d01_h10": 2330.1516097302, "Estoque_EB06_PRDT_C_d01_h11": 3198.16677070322, "Estoque_EB06_PRDT_C_d01_h12": 4066.1819316762403, "Estoque_EB06_PRDT_C_d01_h13": 4934.19709264926, "Estoque_EB06_PRDT_C_d01_h14": 5802.2122536222805, "Estoque_EB06_PRDT_C_d01_h15": 6670.227414595301, "Estoque_EB06_PRDT_C_d01_h16": 7538.242575568321, "Estoque_EB06_PRDT_C_d01_h17": 7136.257736541341, "Estoque_EB06_PRDT_C_d01_h18": 6734.272897514361, "Estoque_EB06_PRDT_C_d01_h19": 6332.288058487381, "Estoque_EB06_PRDT_C_d01_h20": 5930.303219460401, "Estoque_EB06_PRDT_C_d01_h21": 5528.318380433421, "Estoque_EB06_PRDT_C_d01_h22": 6396.333541406441, "Estoque_EB06_PRDT_C_d01_h23": 7264.348702379461, "Estoque_EB06_PRDT_C_d01_h24": 8132.3638633524815, "Estoque_Pulmao_Concentrador_PRDT_d01_h01": 100000.0, "Estoque_Pulmao_Concentrador_PRDT_d01_h02": 100000.0, "Estoque_Pulmao_Concentrador_PRDT_d01_h03": 97500.0, "Estoque_Pulmao_Concentrador_PRDT_d01_h04": 95000.0, "Estoque_Pulmao_Concentrador_PRDT_d01_h05": 92500.0, "Estoque_Pulmao_Concentrador_PRDT_d01_h06": 90000.0, "Estoque_Pulmao_Concentrador_PRDT_d01_h07": 87500.0, "Estoque_Pulmao_Concentrador_PRDT_d01_h08": 85000.0, "Estoque_Pulmao_Concentrador_PRDT_d01_h09": 82500.0, "Estoque_Pulmao_Concentrador_PRDT_d01_h10": 80000.0, "Estoque_Pulmao_Concentrador_PRDT_d01_h11": 77500.0, "Estoque_Pulmao_Concentrador_PRDT_d01_h12": 75000.0, "Estoque_Pulmao_Concentrador_PRDT_d01_h13": 72500.0, "Estoque_Pulmao_Concentrador_PRDT_d01_h14": 70000.0, "Estoque_Pulmao_Concentrador_PRDT_d01_h15": 67500.0, "Estoque_Pulmao_Concentrador_PRDT_d01_h16": 65000.0, "Estoque_Pulmao_Concentrador_PRDT_d01_h17": 62500.0, "Estoque_Pulmao_Concentrador_PRDT_d01_h18": 60000.0, "Estoque_Pulmao_Concentrador_PRDT_d01_h19": 57500.0, "Estoque_Pulmao_Concentrador_PRDT_d01_h20": 55000.0, "Estoque_Pulmao_Concentrador_PRDT_d01_h21": 52500.0, "Estoque_Pulmao_Concentrador_PRDT_d01_h22": 50000.0, "Estoque_Pulmao_Concentrador_PRDT_d01_h23": 47500.0, "Estoque_Pulmao_Concentrador_PRDT_d01_h24": 45000.0, "Geracao_de_lama___C3___Prog_d01_h01": 214.65843749999993, "Geracao_de_lama___C3___Prog_d01_h02": 214.65843749999993, "Geracao_de_lama___C3___Prog_d01_h03": 214.65843749999993, "Geracao_de_lama___C3___Prog_d01_h04": 214.65843749999993, "Geracao_de_lama___C3___Prog_d01_h05": 214.65843749999993, "Geracao_de_lama___C3___Prog_d01_h06": 214.65843749999993, "Geracao_de_lama___C3___Prog_d01_h07": 214.65843749999993, "Geracao_de_lama___C3___Prog_d01_h08": 214.65843749999993, "Geracao_de_lama___C3___Prog_d01_h09": 214.65843749999993, "Geracao_de_lama___C3___Prog_d01_h10": 214.65843749999993, "Geracao_de_lama___C3___Prog_d01_h11": 214.65843749999993, "Geracao_de_lama___C3___Prog_d01_h12": 214.65843749999993, "Geracao_de_lama___C3___Prog_d01_h13": 214.65843749999993, "Geracao_de_lama___C3___Prog_d01_h14": 214.65843749999993, "Geracao_de_lama___C3___Prog_d01_h15": 214.65843749999993, "Geracao_de_lama___C3___Prog_d01_h16": 214.65843749999993, "Geracao_de_lama___C3___Prog_d01_h17": 214.65843749999993, "Geracao_de_lama___C3___Prog_d01_h18": 214.65843749999993, "Geracao_de_lama___C3___Prog_d01_h19": 214.65843749999993, "Geracao_de_lama___C3___Prog_d01_h20": 214.65843749999993, "Geracao_de_lama___C3___Prog_d01_h21": 214.65843749999993, "Geracao_de_lama___C3___Prog_d01_h22": 214.65843749999993, "Geracao_de_lama___C3___Prog_d01_h23": 214.65843749999993, "Geracao_de_lama___C3___Prog_d01_h24": 214.65843749999993, "Geracao_de_rejeito_arenoso___C3___Prog_d01_h01": 848.7600934228935, "Geracao_de_rejeito_arenoso___C3___Prog_d01_h02": 848.7600934228935, "Geracao_de_rejeito_arenoso___C3___Prog_d01_h03": 848.7600934228935, "Geracao_de_rejeito_arenoso___C3___Prog_d01_h04": 848.7600934228935, "Geracao_de_rejeito_arenoso___C3___Prog_d01_h05": 848.7600934228935, "Geracao_de_rejeito_arenoso___C3___Prog_d01_h06": 848.7600934228935, "Geracao_de_rejeito_arenoso___C3___Prog_d01_h07": 848.7600934228935, "Geracao_de_rejeito_arenoso___C3___Prog_d01_h08": 848.7600934228935, "Geracao_de_rejeito_arenoso___C3___Prog_d01_h09": 848.7600934228935, "Geracao_de_rejeito_arenoso___C3___Prog_d01_h10": 848.7600934228935, "Geracao_de_rejeito_arenoso___C3___Prog_d01_h11": 848.7600934228935, "Geracao_de_rejeito_arenoso___C3___Prog_d01_h12": 848.7600934228935, "Geracao_de_rejeito_arenoso___C3___Prog_d01_h13": 848.7600934228935, "Geracao_de_rejeito_arenoso___C3___Prog_d01_h14": 848.7600934228935, "Geracao_de_rejeito_arenoso___C3___Prog_d01_h15": 848.7600934228935, "Geracao_de_rejeito_arenoso___C3___Prog_d01_h16": 848.7600934228935, "Geracao_de_rejeito_arenoso___C3___Prog_d01_h17": 848.7600934228935, "Geracao_de_rejeito_arenoso___C3___Prog_d01_h18": 848.7600934228935, "Geracao_de_rejeito_arenoso___C3___Prog_d01_h19": 848.7600934228935, "Geracao_de_rejeito_arenoso___C3___Prog_d01_h20": 848.7600934228935, "Geracao_de_rejeito_arenoso___C3___Prog_d01_h21": 848.7600934228935, "Geracao_de_rejeito_arenoso___C3___Prog_d01_h22": 848.7600934228935, "Geracao_de_rejeito_arenoso___C3___Prog_d01_h23": 848.7600934228935, "Geracao_de_rejeito_arenoso___C3___Prog_d01_h24": 848.7600934228935, "Nivel_Taxa_Alimentacao___C3_PRDT_PRDT_C_d01_h01": 4.0, "Nivel_Taxa_Alimentacao___C3_PRDT_PRDT_C_d01_h02": 4.0, "Nivel_Taxa_Alimentacao___C3_PRDT_PRDT_C_d01_h03": 4.0, "Nivel_Taxa_Alimentacao___C3_PRDT_PRDT_C_d01_h04": 4.0, "Nivel_Taxa_Alimentacao___C3_PRDT_PRDT_C_d01_h05": 4.0, "Nivel_Taxa_Alimentacao___C3_PRDT_PRDT_C_d01_h06": 4.0, "Nivel_Taxa_Alimentacao___C3_PRDT_PRDT_C_d01_h07": 4.0, "Nivel_Taxa_Alimentacao___C3_PRDT_PRDT_C_d01_h08": 4.0, "Nivel_Taxa_Alimentacao___C3_PRDT_PRDT_C_d01_h09": 4.0, "Nivel_Taxa_Alimentacao___C3_PRDT_PRDT_C_d01_h10": 4.0, "Nivel_Taxa_Alimentacao___C3_PRDT_PRDT_C_d01_h11": 4.0, "Nivel_Taxa_Alimentacao___C3_PRDT_PRDT_C_d01_h12": 4.0, "Nivel_Taxa_Alimentacao___C3_PRDT_PRDT_C_d01_h13": 4.0, "Nivel_Taxa_Alimentacao___C3_PRDT_PRDT_C_d01_h14": 4.0, "Nivel_Taxa_Alimentacao___C3_PRDT_PRDT_C_d01_h15": 4.0, "Nivel_Taxa_Alimentacao___C3_PRDT_PRDT_C_d01_h16": 4.0, "Nivel_Taxa_Alimentacao___C3_PRDT_PRDT_C_d01_h17": 4.0, "Nivel_Taxa_Alimentacao___C3_PRDT_PRDT_C_d01_h18": 4.0, "Nivel_Taxa_Alimentacao___C3_PRDT_PRDT_C_d01_h19": 4.0, "Nivel_Taxa_Alimentacao___C3_PRDT_PRDT_C_d01_h20": 4.0, "Nivel_Taxa_Alimentacao___C3_PRDT_PRDT_C_d01_h21": 4.0, "Nivel_Taxa_Alimentacao___C3_PRDT_PRDT_C_d01_h22": 4.0, "Nivel_Taxa_Alimentacao___C3_PRDT_PRDT_C_d01_h23": 4.0, "Nivel_Taxa_Alimentacao___C3_PRDT_PRDT_C_d01_h24": 4.0, "Producao___C3___Prog_PRDT_C_d01_h01": 1196.1439690771065, "Producao___C3___Prog_PRDT_C_d01_h02": 1196.1439690771065, "Producao___C3___Prog_PRDT_C_d01_h03": 1196.1439690771065, "Producao___C3___Prog_PRDT_C_d01_h04": 1196.1439690771065, "Producao___C3___Prog_PRDT_C_d01_h05": 1196.1439690771065, "Producao___C3___Prog_PRDT_C_d01_h06": 1196.1439690771065, "Producao___C3___Prog_PRDT_C_d01_h07": 1196.1439690771065, "Producao___C3___Prog_PRDT_C_d01_h08": 1196.1439690771065, "Producao___C3___Prog_PRDT_C_d01_h09": 1196.1439690771065, "Producao___C3___Prog_PRDT_C_d01_h10": 1196.1439690771065, "Producao___C3___Prog_PRDT_C_d01_h11": 1196.1439690771065, "Producao___C3___Prog_PRDT_C_d01_h12": 1196.1439690771065, "Producao___C3___Prog_PRDT_C_d01_h13": 1196.1439690771065, "Producao___C3___Prog_PRDT_C_d01_h14": 1196.1439690771065, "Producao___C3___Prog_PRDT_C_d01_h15": 1196.1439690771065, "Producao___C3___Prog_PRDT_C_d01_h16": 1196.1439690771065, "Producao___C3___Prog_PRDT_C_d01_h17": 1196.1439690771065, "Producao___C3___Prog_PRDT_C_d01_h18": 1196.1439690771065,