{"variaveis": {"Estoque_EB06_PRDT_C_d01_h01": 9598.01516097302, "Estoque_EB06_PRDT_C_d01_h02": 9196.03032194604, "Estoque_EB06_PRDT_C_d01_h03": 8794.04548291906, "Estoque_EB06_PRDT_C_d01_h04": 8392.06064389208, "Estoque_EB06_PRDT_C_d01_h05": 7990.0758048651, "Estoque_EB06_PRDT_C_d01_h06": 7588.09096583812, "Estoque_EB06_PRDT_C_d01_h07": 7186.106126811139, "Estoque_EB06_PRDT_C_d01_h08": 6784.121287784159, "Estoque_EB06_PRDT_C_d01_h09": 6382.136448757179, "Estoque_EB06_PRDT_C_d01_h10": 5980.151609730199, "Estoque_EB06_PRDT_C_d01_h11": 5578.166770703219, "Estoque_EB06_PRDT_C_d01_h12": 5176.181931676239, "Estoque_EB06_PRDT_C_d01_h13": 4774.197092649259, "Estoque_EB06_PRDT_C_d01_h14": 4372.212253622279, "Estoque_EB06_PRDT_C_d01_h15": 3970.2274145952983, "Estoque_EB06_PRDT_C_d01_h16": 4838.242575568318, "Estoque_EB06_PRDT_C_d01_h17": 5706.257736541338, "Estoque_EB06_PRDT_C_d01_h18": 6574.272897514358, "Estoque_EB06_PRDT_C_d01_h19": 7442.288058487378, "Estoque_EB06_PRDT_C_d01_h20": 8310.303219460398, "Estoque_EB06_PRDT_C_d01_h21": 9178.318380433417, "Estoque_EB06_PRDT_C_d01_h22": 9178.318380433417, "Estoque_EB06_PRDT_C_d01_h23": 10046.333541406437, "Estoque_EB06_PRDT_C_d01_h24": 10046.333541406437, "Estoque_Pulmao_Concentrador_PRDT_d01_h01": 97500.0, "Estoque_Pulmao_Concentrador_PRDT_d01_h02": 100000.0, "Estoque_Pulmao_Concentrador_PRDT_d01_h03": 97500.0, "Estoque_Pulmao_Concentrador_PRDT_d01_h04": 95000.0, "Estoque_Pulmao_Concentrador_PRDT_d01_h05": 92500.0, "Estoque_Pulmao_Concentrador_PRDT_d01_h06": 90000.0, "Estoque_Pulmao_Concentrador_PRDT_d01_h07": 87500.0, "Estoque_Pulmao_Concentrador_PRDT_d01_h08": 85000.0, "Estoque_Pulmao_Concentrador_PRDT_d01_h09": 82500.0, "Estoque_Pulmao_Concentrador_PRDT_d01_h10": 80000.0, "Estoque_Pulmao_Concentrador_PRDT_d01_h11": 77500.0, "Estoque_Pulmao_Concentrador_PRDT_d01_h12": 75000.0, "Estoque_Pulmao_Concentrador_PRDT_d01_h13": 72500.0, "Estoque_Pulmao_Concentrador_PRDT_d01_h14": 70000.0, "Estoque_Pulmao_Concentrador_PRDT_d01_h15": 67500.0, "Estoque_Pulmao_Concentrador_PRDT_d01_h16": 65000.0, "Estoque_Pulmao_Concentrador_PRDT_d01_h17": 62500.0, "Estoque_Pulmao_Concentrador_PRDT_d01_h18": 60000.0, "Estoque_Pulmao_Concentrador_PRDT_d01_h19": 57500.0, "Estoque_Pulmao_Concentrador_PRDT_d01_h20": 55000.0, "Estoque_Pulmao_Concentrador_PRDT_d01_h21": 52500.0, "Estoque_Pulmao_Concentrador_PRDT_d01_h22": 52500.0, "Estoque_Pulmao_Concentrador_PRDT_d01_h23": 50000.0, "Estoque_Pulmao_Concentrador_PRDT_d01_h24": 50000.0, "Geracao_de_lama___C3___Prog_d01_h01": 214.65843749999993, "Geracao_de_lama___C3___Prog_d01_h02": 214.65843749999993, "Geracao_de_lama___C3___Prog_d01_h03": 214.65843749999993, "Geracao_de_lama___C3___Prog_d01_h04": 214.65843749999993, "Geracao_de_lama___C3___Prog_d01_h05": 214.65843749999993, "Geracao_de_lama___C3___Prog_d01_h06": 214.65843749999993, "Geracao_de_lama___C3___Prog_d01_h07": 214.65843749999993, "Geracao_de_lama___C3___Prog_d01_h08": 214.65843749999993, "Geracao_de_lama___C3___Prog_d01_h09": 214.65843749999993, "Geracao_de_lama___C3___Prog_d01_h10": 214.65843749999993, "Geracao_de_lama___C3___Prog_d01_h11": 214.65843749999993, "Geracao_de_lama___C3___Prog_d01_h12": 214.65843749999993, "Geracao_de_lama___C3___Prog_d01_h13": 214.65843749999993, "Geracao_de_lama___C3___Prog_d01_h14": 214.65843749999993, "Geracao_de_lama___C3___Prog_d01_h15": 214.65843749999993, "Geracao_de_lama___C3___Prog_d01_h16": 214.65843749999993, "Geracao_de_lama___C3___Prog_d01_h17": 214.65843749999993, "Geracao_de_lama___C3___Prog_d01_h18": 214.65843749999993, "Geracao_de_lama___C3___Prog_d01_h19": 214.65843749999993, "Geracao_de_lama___C3___Prog_d01_h20": 214.65843749999993, "Geracao_de_lama___C3___Prog_d01_h21": 214.65843749999993, "Geracao_de_lama___C3___Prog_d01_h22": 0.0, "Geracao_de_lama___C3___Prog_d01_h23": 214.65843749999993, "Geracao_de_lama___C3___Prog_d01_h24": 0.0, "Geracao_de_rejeito_arenoso___C3___Prog_d01_h01": 848.7600934228935, "Geracao_de_rejeito_arenoso___C3___Prog_d01_h02": 848.7600934228935, "Geracao_de_rejeito_arenoso___C3___Prog_d01_h03": 848.7600934228935, "Geracao_de_rejeito_arenoso___C3___Prog_d01_h04": 848.7600934228935, "Geracao_de_rejeito_arenoso___C3___Prog_d01_h05": 848.7600934228935, "Geracao_de_rejeito_arenoso___C3___Prog_d01_h06": 848.7600934228935, "Geracao_de_rejeito_arenoso___C3___Prog_d01_h07": 848.7600934228935, "Geracao_de_rejeito_arenoso___C3___Prog_d01_h08": 848.7600934228935, "Geracao_de_rejeito_arenoso___C3___Prog_d01_h09": 848.7600934228935, "Geracao_de_rejeito_arenoso___C3___Prog_d01_h10": 848.7600934228935, "Geracao_de_rejeito_arenoso___C3___Prog_d01_h11": 848.7600934228935, "Geracao_de_rejeito_arenoso___C3___Prog_d01_h12": 848.7600934228935, "Geracao_de_rejeito_arenoso___C3___Prog_d01_h13": 848.7600934228935, "Geracao_de_rejeito_arenoso___C3___Prog_d01_h14": 848.7600934228935, "Geracao_de_rejeito_arenoso___C3___Prog_d01_h15": 848.7600934228935, "Geracao_de_rejeito_arenoso___C3___Prog_d01_h16": 848.7600934228935, "Geracao_de_rejeito_arenoso___C3___Prog_d01_h17": 848.7600934228935, "Geracao_de_rejeito_arenoso___C3___Prog_d01_h18": 848.7600934228935, "Geracao_de_rejeito_arenoso___C3___Prog_d01_h19": 848.7600934228935, "Geracao_de_rejeito_arenoso___C3___Prog_d01_h20": 848.7600934228935, "Geracao_de_rejeito_arenoso___C3___Prog_d01_h21": 848.7600934228935, "Geracao_de_rejeito_arenoso___C3___Prog_d01_h22": 0.0, "Geracao_de_rejeito_arenoso___C3___Prog_d01_h23": 848.7600934228935, "Geracao_de_rejeito_arenoso___C3___Prog_d01_h24": 0.0, "Nivel_Taxa_Alimentacao___C3_PRDT_PRDT_C_d01_h01": 4.0, "Nivel_Taxa_Alimentacao___C3_PRDT_PRDT_C_d01_h02": 4.0, "Nivel_Taxa_Alimentacao___C3_PRDT_PRDT_C_d01_h03": 4.0, "Nivel_Taxa_Alimentacao___C3_PRDT_PRDT_C_d01_h04": 4.0, "Nivel_Taxa_Alimentacao___C3_PRDT_PRDT_C_d01_h05": 4.0, "Nivel_Taxa_Alimentacao___C3_PRDT_PRDT_C_d01_h06": 4.0, "Nivel_Taxa_Alimentacao___C3_PRDT_PRDT_C_d01_h07": 4.0, "Nivel_Taxa_Alimentacao___C3_PRDT_PRDT_C_d01_h08": 4.0, "Nivel_Taxa_Alimentacao___C3_PRDT_PRDT_C_d01_h09": 4.0, "Nivel_Taxa_Alimentacao___C3_PRDT_PRDT_C_d01_h10": 4.0, "Nivel_Taxa_Alimentacao___C3_PRDT_PRDT_C_d01_h11": 4.0, "Nivel_Taxa_Alimentacao___C3_PRDT_PRDT_C_d01_h12": 4.0, "Nivel_Taxa_Alimentacao___C3_PRDT_PRDT_C_d01_h13": 4.0, "Nivel_Taxa_Alimentacao___C3_PRDT_PRDT_C_d01_h14": 4.0, "Nivel_Taxa_Alimentacao___C3_PRDT_PRDT_C_d01_h15": 4.0, "Nivel_Taxa_Alimentacao___C3_PRDT_PRDT_C_d01_h16": 4.0, "Nivel_Taxa_Alimentacao___C3_PRDT_PRDT_C_d01_h17": 4.0, "Nivel_Taxa_Alimentacao___C3_PRDT_PRDT_C_d01_h18": 4.0, "Nivel_Taxa_Alimentacao___C3_PRDT_PRDT_C_d01_h19": 4.0, "Nivel_Taxa_Alimentacao___C3_PRDT_PRDT_C_d01_h20": 4.0, "Nivel_Taxa_Alimentacao___C3_PRDT_PRDT_C_d01_h21": 4.0, "Nivel_Taxa_Alimentacao___C3_PRDT_PRDT_C_d01_h22": -0.0, "Nivel_Taxa_Alimentacao___C3_PRDT_PRDT_C_d01_h23": 4.0, "Nivel_Taxa_Alimentacao___C3_PRDT_PRDT_C_d01_h24": -0.0, "Producao___C3___Prog_PRDT_C_d01_h01": 1196.1439690771065, "Producao___C3___Prog_PRDT_C_d01_h02": 1196.1439690771065, "Producao___C3___Prog_PRDT_C_d01_h03": 1196.1439690771065, "Producao___C3___Prog_PRDT_C_d01_h04": 1196.1439690771065, "Producao___C3___Prog_PRDT_C_d01_h05": 1196.1439690771065, "Producao___C3___Prog_PRDT_C_d01_h06": 1196.1439690771065, "Producao___C3___Prog_PRDT_C_d01_h07": 1196.1439690771065, "Producao___C3___Prog_PRDT_C_d01_h08": 1196.1439690771065, "Producao___C3___Prog_PRDT_C_d01_h09": 1196.1439690771065, "Producao___C3___Prog_PRDT_C_d01_h10": 1196.1439690771065, "Producao___C3___Prog_PRDT_C_d01_h11": 1196.1439690771065, "Producao___C3___Prog_PRDT_C_d01_h12": 1196.1439690771065, "Producao___C3___Prog_PRDT_C_d01_h13": 1196.1439690771065, "Producao___C3___Prog_PRDT_C_d01_h14": 1196.1439690771065, "Producao___C3___Prog_PRDT_C_d01_h15": 1196.1439690771065, "Producao___C3___Prog_PRDT_C_d01_h16": 1196.1439690771065, "Producao___C3___Prog_PRDT_C_d01_h17": 1196.1439690771065, "Producao___C3___Prog_PRDT_C_d01_h18": 1196.1439690771065, "Producao___C3___Prog_PRDT_C_d01_h19": 1196.1439690771065,