{"variaveis": {"Bombeamento_Polpa_PRDT_C_d01_h01": 0.0, "Bombeamento_Polpa_PRDT_C_d01_h02": 0.0, "Bombeamento_Polpa_PRDT_C_d01_h03": 0.0, "Bombeamento_Polpa_PRDT_C_d01_h04": 0.0, "Bombeamento_Polpa_PRDT_C_d01_h05": 0.0, "Bombeamento_Polpa_PRDT_C_d01_h06": 0.0, "Bombeamento_Polpa_PRDT_C_d01_h07": 0.0, "Bombeamento_Polpa_PRDT_C_d01_h08": 0.0, "Bombeamento_Polpa_PRDT_C_d01_h09": 0.0, "Bombeamento_Polpa_PRDT_C_d01_h10": 0.0, "Bombeamento_Polpa_PRDT_C_d01_h11": 0.0, "Bombeamento_Polpa_PRDT_C_d01_h12": 0.0, "Bombeamento_Polpa_PRDT_C_d01_h13": 0.0, "Bombeamento_Polpa_PRDT_C_d01_h14": 0.0, "Bombeamento_Polpa_PRDT_C_d01_h15": 0.0, "Bombeamento_Polpa_PRDT_C_d01_h16": 0.0, "Bombeamento_Polpa_PRDT_C_d01_h17": 0.0, "Bombeamento_Polpa_PRDT_C_d01_h18": 0.0, "Bombeamento_Polpa_PRDT_C_d01_h19": 0.0, "Bombeamento_Polpa_PRDT_C_d01_h20": 0.0, "Bombeamento_Polpa_PRDT_C_d01_h21": 0.0, "Bombeamento_Polpa_PRDT_C_d01_h22": 0.0, "Bombeamento_Polpa_PRDT_C_d01_h23": 0.0, "Bombeamento_Polpa_PRDT_C_d01_h24": 0.0, "Estoque_EB06_PRDT_C_d01_h01": 10000.0, "Estoque_EB06_PRDT_C_d01_h02": 10217.003790243254, "Estoque_EB06_PRDT_C_d01_h03": 10217.003790243254, "Estoque_EB06_PRDT_C_d01_h04": 10217.003790243254, "Estoque_EB06_PRDT_C_d01_h05": 10217.003790243254, "Estoque_EB06_PRDT_C_d01_h06": 10217.003790243254, "Estoque_EB06_PRDT_C_d01_h07": 10217.003790243254, "Estoque_EB06_PRDT_C_d01_h08": 10217.003790243254, "Estoque_EB06_PRDT_C_d01_h09": 10217.003790243254, "Estoque_EB06_PRDT_C_d01_h10": 10217.003790243254, "Estoque_EB06_PRDT_C_d01_h11": 10217.003790243254, "Estoque_EB06_PRDT_C_d01_h12": 10217.003790243254, "Estoque_EB06_PRDT_C_d01_h13": 10217.003790243254, "Estoque_EB06_PRDT_C_d01_h14": 10217.003790243254, "Estoque_EB06_PRDT_C_d01_h15": 10217.003790243254, "Estoque_EB06_PRDT_C_d01_h16": 10217.003790243254, "Estoque_EB06_PRDT_C_d01_h17": 10217.003790243254, "Estoque_EB06_PRDT_C_d01_h18": 10217.003790243254, "Estoque_EB06_PRDT_C_d01_h19": 10217.003790243254, "Estoque_EB06_PRDT_C_d01_h20": 10217.003790243254, "Estoque_EB06_PRDT_C_d01_h21": 10217.003790243254, "Estoque_EB06_PRDT_C_d01_h22": 10217.003790243254, "Estoque_EB06_PRDT_C_d01_h23": 10217.003790243254, "Estoque_EB06_PRDT_C_d01_h24": 10217.003790243254, "Estoque_Pulmao_Concentrador_PRDT_d01_h01": 100000.0, "Estoque_Pulmao_Concentrador_PRDT_d01_h02": 99375.0, "Estoque_Pulmao_Concentrador_PRDT_d01_h03": 99375.0, "Estoque_Pulmao_Concentrador_PRDT_d01_h04": 99375.0, "Estoque_Pulmao_Concentrador_PRDT_d01_h05": 99375.0, "Estoque_Pulmao_Concentrador_PRDT_d01_h06": 99375.0, "Estoque_Pulmao_Concentrador_PRDT_d01_h07": 99375.0, "Estoque_Pulmao_Concentrador_PRDT_d01_h08": 99375.0, "Estoque_Pulmao_Concentrador_PRDT_d01_h09": 99375.0, "Estoque_Pulmao_Concentrador_PRDT_d01_h10": 99375.0, "Estoque_Pulmao_Concentrador_PRDT_d01_h11": 100000.0, "Estoque_Pulmao_Concentrador_PRDT_d01_h12": 100000.0, "Estoque_Pulmao_Concentrador_PRDT_d01_h13": 100000.0, "Estoque_Pulmao_Concentrador_PRDT_d01_h14": 100000.0, "Estoque_Pulmao_Concentrador_PRDT_d01_h15": 100000.0, "Estoque_Pulmao_Concentrador_PRDT_d01_h16": 100000.0, "Estoque_Pulmao_Concentrador_PRDT_d01_h17": 100000.0, "Estoque_Pulmao_Concentrador_PRDT_d01_h18": 100000.0, "Estoque_Pulmao_Concentrador_PRDT_d01_h19": 100000.0, "Estoque_Pulmao_Concentrador_PRDT_d01_h20": 100000.0, "Estoque_Pulmao_Concentrador_PRDT_d01_h21": 100000.0, "Estoque_Pulmao_Concentrador_PRDT_d01_h22": 100000.0, "Estoque_Pulmao_Concentrador_PRDT_d01_h23": 100000.0, "Estoque_Pulmao_Concentrador_PRDT_d01_h24": 100000.0, "Geracao_de_lama___C3___Prog_d01_h01": 0.0, "Geracao_de_lama___C3___Prog_d01_h02": 53.66460937499998, "Geracao_de_lama___C3___Prog_d01_h03": 0.0, "Geracao_de_lama___C3___Prog_d01_h04": 0.0, "Geracao_de_lama___C3___Prog_d01_h05": 0.0, "Geracao_de_lama___C3___Prog_d01_h06": 0.0, "Geracao_de_lama___C3___Prog_d01_h07": 0.0, "Geracao_de_lama___C3___Prog_d01_h08": 0.0, "Geracao_de_lama___C3___Prog_d01_h09": 0.0, "Geracao_de_lama___C3___Prog_d01_h10": 0.0, "Geracao_de_lama___C3___Prog_d01_h11": 0.0, "Geracao_de_lama___C3___Prog_d01_h12": 0.0, "Geracao_de_lama___C3___Prog_d01_h13": 0.0, "Geracao_de_lama___C3___Prog_d01_h14": 0.0, "Geracao_de_lama___C3___Prog_d01_h15": 0.0, "Geracao_de_lama___C3___Prog_d01_h16": 0.0, "Geracao_de_lama___C3___Prog_d01_h17": 0.0, "Geracao_de_lama___C3___Prog_d01_h18": 0.0, "Geracao_de_lama___C3___Prog_d01_h19": 0.0, "Geracao_de_lama___C3___Prog_d01_h20": 0.0, "Geracao_de_lama___C3___Prog_d01_h21": 0.0, "Geracao_de_lama___C3___Prog_d01_h22": 0.0, "Geracao_de_lama___C3___Prog_d01_h23": 0.0, "Geracao_de_lama___C3___Prog_d01_h24": 0.0, "Geracao_de_rejeito_arenoso___C3___Prog_d01_h01": 0.0, "Geracao_de_rejeito_arenoso___C3___Prog_d01_h02": 212.19002335572338, "Geracao_de_rejeito_arenoso___C3___Prog_d01_h03": 0.0, "Geracao_de_rejeito_arenoso___C3___Prog_d01_h04": 0.0, "Geracao_de_rejeito_arenoso___C3___Prog_d01_h05": 0.0, "Geracao_de_rejeito_arenoso___C3___Prog_d01_h06": 0.0, "Geracao_de_rejeito_arenoso___C3___Prog_d01_h07": 0.0, "Geracao_de_rejeito_arenoso___C3___Prog_d01_h08": 0.0, "Geracao_de_rejeito_arenoso___C3___Prog_d01_h09": 0.0, "Geracao_de_rejeito_arenoso___C3___Prog_d01_h10": 0.0, "Geracao_de_rejeito_arenoso___C3___Prog_d01_h11": 0.0, "Geracao_de_rejeito_arenoso___C3___Prog_d01_h12": 0.0, "Geracao_de_rejeito_arenoso___C3___Prog_d01_h13": 0.0, "Geracao_de_rejeito_arenoso___C3___Prog_d01_h14": 0.0, "Geracao_de_rejeito_arenoso___C3___Prog_d01_h15": 0.0, "Geracao_de_rejeito_arenoso___C3___Prog_d01_h16": 0.0, "Geracao_de_rejeito_arenoso___C3___Prog_d01_h17": 0.0, "Geracao_de_rejeito_arenoso___C3___Prog_d01_h18": 0.0, "Geracao_de_rejeito_arenoso___C3___Prog_d01_h19": 0.0, "Geracao_de_rejeito_arenoso___C3___Prog_d01_h20": 0.0, "Geracao_de_rejeito_arenoso___C3___Prog_d01_h21": 0.0, "Geracao_de_rejeito_arenoso___C3___Prog_d01_h22": 0.0, "Geracao_de_rejeito_arenoso___C3___Prog_d01_h23": 0.0, "Geracao_de_rejeito_arenoso___C3___Prog_d01_h24": 0.0, "Nivel_Taxa_Alimentacao___C3_PRDT_PRDT_C_d01_h01": -0.0, "Nivel_Taxa_Alimentacao___C3_PRDT_PRDT_C_d01_h02": 1.0, "Nivel_Taxa_Alimentacao___C3_PRDT_PRDT_C_d01_h03": -0.0, "Nivel_Taxa_Alimentacao___C3_PRDT_PRDT_C_d01_h04": -0.0, "Nivel_Taxa_Alimentacao___C3_PRDT_PRDT_C_d01_h05": -0.0, "Nivel_Taxa_Alimentacao___C3_PRDT_PRDT_C_d01_h06": -0.0, "Nivel_Taxa_Alimentacao___C3_PRDT_PRDT_C_d01_h07": -0.0, "Nivel_Taxa_Alimentacao___C3_PRDT_PRDT_C_d01_h08": -0.0, "Nivel_Taxa_Alimentacao___C3_PRDT_PRDT_C_d01_h09": -0.0, "Nivel_Taxa_Alimentacao___C3_PRDT_PRDT_C_d01_h10": -0.0, "Nivel_Taxa_Alimentacao___C3_PRDT_PRDT_C_d01_h11": -0.0, "Nivel_Taxa_Alimentacao___C3_PRDT_PRDT_C_d01_h12": -0.0, "Nivel_Taxa_Alimentacao___C3_PRDT_PRDT_C_d01_h13": -0.0, "Nivel_Taxa_Alimentacao___C3_PRDT_PRDT_C_d01_h14": -0.0, "Nivel_Taxa_Alimentacao___C3_PRDT_PRDT_C_d01_h15": -0.0, "Nivel_Taxa_Alimentacao___C3_PRDT_PRDT_C_d01_h16": -0.0, "Nivel_Taxa_Alimentacao___C3_PRDT_PRDT_C_d01_h17": -0.0, "Nivel_Taxa_Alimentacao___C3_PRDT_PRDT_C_d01_h18": -0.0, "Nivel_Taxa_Alimentacao___C3_PRDT_PRDT_C_d01_h19": -0.0, "Nivel_Taxa_Alimentacao___C3_PRDT_PRDT_C_d01_h20": -0.0, "Nivel_Taxa_Alimentacao___C3_PRDT_PRDT_C_d01_h21": -0.0, "Nivel_Taxa_Alimentacao___C3_PRDT_PRDT_C_d01_h22": -0.0, "Nivel_Taxa_Alimentacao___C3_PRDT_PRDT_C_d01_h23": -0.0, "Nivel_Taxa_Alimentacao___C3_PRDT_PRDT_C_d01_h24": -0.0, "Producao___C3___Prog_PRDT_C_d01_h01": 0.0, "Producao___C3___Prog_PRDT_C_d01_h02": 299.0359922692766, "Producao___C3___Prog_PRDT_C_d01_h03": 0.0, "Producao___C3___Prog_PRDT_C_d01_h04": 0.0, "Producao___C3___Prog_PRDT_C_d01_h05": 0.0, "Producao___C3___Prog_PRDT_C_d01_h06": 0.0, "Producao___C3___Prog_PRDT_C_d01_h07": 0.0, "Producao___C3___Prog_PRDT_C_d01_h08": 0.0, "Producao___C3___Prog_PRDT_C_d01_h09": 0.0, "Producao___C3___Prog_PRDT_C_d01_h10": 0.0, "Producao___C3___Prog_PRDT_C_d01_h11": 0.0, "Producao___C3___Prog_PRDT_C_d01_h12": 0.0, "Producao___C3___Prog_PRDT_C_d01_h13": 0.0, "Producao___C3___Prog_PRDT_C_d01_h14": 0.0, "Producao___C3___Prog_PRDT_C_d01_h15": 0.0, "Producao___C3___Prog_PRDT_C_d01_h16": 0.0,