{"variaveis": {"Bombeado_PRDT_C_d01_h01": 0.0, "Bombeado_PRDT_C_d01_h02": 15424.550529215601, "Bombeado_PRDT_C_d01_h03": 823.4105408148471, "Bombeado_PRDT_C_d01_h04": 823.4105408148471, "Bombeado_PRDT_C_d01_h05": 823.4105408148471, "Bombeado_PRDT_C_d01_h06": 823.4105408148471, "Bombeado_PRDT_C_d01_h07": 823.4105408148471, "Bombeado_PRDT_C_d01_h08": 823.4105408148471, "Bombeado_PRDT_C_d01_h09": 823.4105408148471, "Bombeado_PRDT_C_d01_h10": 823.4105408148471, "Bombeado_PRDT_C_d01_h11": 823.4105408148471, "Bombeado_PRDT_C_d01_h12": 823.4105408148471, "Bombeado_PRDT_C_d01_h13": 823.4105408148471, "Bombeado_PRDT_C_d01_h14": 823.4105408148471, "Bombeado_PRDT_C_d01_h15": 823.4105408148471, "Bombeado_PRDT_C_d01_h16": 823.4105408148471, "Bombeado_PRDT_C_d01_h17": 823.4105408148471, "Bombeado_PRDT_C_d01_h18": 823.4105408148471, "Bombeado_PRDT_C_d01_h19": 823.4105408148471, "Bombeado_PRDT_C_d01_h20": 823.4105408148471, "Bombeado_PRDT_C_d01_h21": 823.4105408148471, "Bombeado_PRDT_C_d01_h22": 823.4105408148471, "Bombeado_PRDT_C_d01_h23": 823.4105408148471, "Bombeado_PRDT_C_d01_h24": 823.4105408148471, "Estoque_Polpa_Ubu_PRDT_C_d01_h01": 11859.1875, "Estoque_Polpa_Ubu_PRDT_C_d01_h02": 32000.0, "Estoque_Polpa_Ubu_PRDT_C_d01_h03": 32000.0, "Estoque_Polpa_Ubu_PRDT_C_d01_h04": 32000.0, "Estoque_Polpa_Ubu_PRDT_C_d01_h05": 32000.0, "Estoque_Polpa_Ubu_PRDT_C_d01_h06": 32000.0, "Estoque_Polpa_Ubu_PRDT_C_d01_h07": 32000.0, "Estoque_Polpa_Ubu_PRDT_C_d01_h08": 32000.0, "Estoque_Polpa_Ubu_PRDT_C_d01_h09": 32000.0, "Estoque_Polpa_Ubu_PRDT_C_d01_h10": 32000.0, "Estoque_Polpa_Ubu_PRDT_C_d01_h11": 32000.0, "Estoque_Polpa_Ubu_PRDT_C_d01_h12": 32000.0, "Estoque_Polpa_Ubu_PRDT_C_d01_h13": 32000.0, "Estoque_Polpa_Ubu_PRDT_C_d01_h14": 32000.0, "Estoque_Polpa_Ubu_PRDT_C_d01_h15": 32000.0, "Estoque_Polpa_Ubu_PRDT_C_d01_h16": 32000.0, "Estoque_Polpa_Ubu_PRDT_C_d01_h17": 32000.0, "Estoque_Polpa_Ubu_PRDT_C_d01_h18": 32000.0, "Estoque_Polpa_Ubu_PRDT_C_d01_h19": 32000.0, "Estoque_Polpa_Ubu_PRDT_C_d01_h20": 32000.0, "Estoque_Polpa_Ubu_PRDT_C_d01_h21": 32000.0, "Estoque_Polpa_Ubu_PRDT_C_d01_h22": 32000.0, "Estoque_Polpa_Ubu_PRDT_C_d01_h23": 32000.0, "Estoque_Polpa_Ubu_PRDT_C_d01_h24": 32000.0, "Estoque_acumulado_no_patio_(ignorado_durante_a_semana)_PRDT_C_d01_h01": 600.0, "Estoque_acumulado_no_patio_(ignorado_durante_a_semana)_PRDT_C_d01_h02": 600.0, "Estoque_acumulado_no_patio_(ignorado_durante_a_semana)_PRDT_C_d01_h03": 600.0, "Estoque_acumulado_no_patio_(ignorado_durante_a_semana)_PRDT_C_d01_h04": 600.0, "Estoque_acumulado_no_patio_(ignorado_durante_a_semana)_PRDT_C_d01_h05": 600.0, "Estoque_acumulado_no_patio_(ignorado_durante_a_semana)_PRDT_C_d01_h06": 600.0, "Estoque_acumulado_no_patio_(ignorado_durante_a_semana)_PRDT_C_d01_h07": 600.0, "Estoque_acumulado_no_patio_(ignorado_durante_a_semana)_PRDT_C_d01_h08": 600.0, "Estoque_acumulado_no_patio_(ignorado_durante_a_semana)_PRDT_C_d01_h09": 600.0, "Estoque_acumulado_no_patio_(ignorado_durante_a_semana)_PRDT_C_d01_h10": 600.0, "Estoque_acumulado_no_patio_(ignorado_durante_a_semana)_PRDT_C_d01_h11": 600.0, "Estoque_acumulado_no_patio_(ignorado_durante_a_semana)_PRDT_C_d01_h12": 600.0, "Estoque_acumulado_no_patio_(ignorado_durante_a_semana)_PRDT_C_d01_h13": 600.0, "Estoque_acumulado_no_patio_(ignorado_durante_a_semana)_PRDT_C_d01_h14": 600.0, "Estoque_acumulado_no_patio_(ignorado_durante_a_semana)_PRDT_C_d01_h15": 600.0, "Estoque_acumulado_no_patio_(ignorado_durante_a_semana)_PRDT_C_d01_h16": 600.0, "Estoque_acumulado_no_patio_(ignorado_durante_a_semana)_PRDT_C_d01_h17": 600.0, "Estoque_acumulado_no_patio_(ignorado_durante_a_semana)_PRDT_C_d01_h18": 600.0, "Estoque_acumulado_no_patio_(ignorado_durante_a_semana)_PRDT_C_d01_h19": 600.0, "Estoque_acumulado_no_patio_(ignorado_durante_a_semana)_PRDT_C_d01_h20": 600.0, "Estoque_acumulado_no_patio_(ignorado_durante_a_semana)_PRDT_C_d01_h21": 600.0, "Estoque_acumulado_no_patio_(ignorado_durante_a_semana)_PRDT_C_d01_h22": 600.0, "Estoque_acumulado_no_patio_(ignorado_durante_a_semana)_PRDT_C_d01_h23": 600.0, "Estoque_acumulado_no_patio_(ignorado_durante_a_semana)_PRDT_C_d01_h24": 600.0, "Estoque_acumulado_previamente_no_patio_(que_pode_ser_usado_durante_a_semana)_PRDT_C_d01_h01": 3000.0, "Estoque_acumulado_previamente_no_patio_(que_pode_ser_usado_durante_a_semana)_PRDT_C_d01_h02": 3000.0, "Estoque_acumulado_previamente_no_patio_(que_pode_ser_usado_durante_a_semana)_PRDT_C_d01_h03": 3000.0, "Estoque_acumulado_previamente_no_patio_(que_pode_ser_usado_durante_a_semana)_PRDT_C_d01_h04": 3000.0, "Estoque_acumulado_previamente_no_patio_(que_pode_ser_usado_durante_a_semana)_PRDT_C_d01_h05": 3000.0, "Estoque_acumulado_previamente_no_patio_(que_pode_ser_usado_durante_a_semana)_PRDT_C_d01_h06": 3000.0, "Estoque_acumulado_previamente_no_patio_(que_pode_ser_usado_durante_a_semana)_PRDT_C_d01_h07": 3000.0, "Estoque_acumulado_previamente_no_patio_(que_pode_ser_usado_durante_a_semana)_PRDT_C_d01_h08": 3000.0, "Estoque_acumulado_previamente_no_patio_(que_pode_ser_usado_durante_a_semana)_PRDT_C_d01_h09": 3000.0, "Estoque_acumulado_previamente_no_patio_(que_pode_ser_usado_durante_a_semana)_PRDT_C_d01_h10": 3000.0, "Estoque_acumulado_previamente_no_patio_(que_pode_ser_usado_durante_a_semana)_PRDT_C_d01_h11": 3000.0, "Estoque_acumulado_previamente_no_patio_(que_pode_ser_usado_durante_a_semana)_PRDT_C_d01_h12": 3000.0, "Estoque_acumulado_previamente_no_patio_(que_pode_ser_usado_durante_a_semana)_PRDT_C_d01_h13": 3000.0, "Estoque_acumulado_previamente_no_patio_(que_pode_ser_usado_durante_a_semana)_PRDT_C_d01_h14": 3000.0, "Estoque_acumulado_previamente_no_patio_(que_pode_ser_usado_durante_a_semana)_PRDT_C_d01_h15": 3000.0, "Estoque_acumulado_previamente_no_patio_(que_pode_ser_usado_durante_a_semana)_PRDT_C_d01_h16": 3000.0, "Estoque_acumulado_previamente_no_patio_(que_pode_ser_usado_durante_a_semana)_PRDT_C_d01_h17": 3000.0, "Estoque_acumulado_previamente_no_patio_(que_pode_ser_usado_durante_a_semana)_PRDT_C_d01_h18": 3000.0, "Estoque_acumulado_previamente_no_patio_(que_pode_ser_usado_durante_a_semana)_PRDT_C_d01_h19": 3000.0, "Estoque_acumulado_previamente_no_patio_(que_pode_ser_usado_durante_a_semana)_PRDT_C_d01_h20": 3000.0, "Estoque_acumulado_previamente_no_patio_(que_pode_ser_usado_durante_a_semana)_PRDT_C_d01_h21": 3000.0, "Estoque_acumulado_previamente_no_patio_(que_pode_ser_usado_durante_a_semana)_PRDT_C_d01_h22": 3000.0, "Estoque_acumulado_previamente_no_patio_(que_pode_ser_usado_durante_a_semana)_PRDT_C_d01_h23": 3000.0, "Estoque_acumulado_previamente_no_patio_(que_pode_ser_usado_durante_a_semana)_PRDT_C_d01_h24": 3000.0, "Libera_transferencia_de_estoque_para_o_patio_d01_h02": -0.0, "Libera_transferencia_de_estoque_para_o_patio_d01_h03": -0.0, "Libera_transferencia_de_estoque_para_o_patio_d01_h04": -0.0, "Libera_transferencia_de_estoque_para_o_patio_d01_h05": -0.0, "Libera_transferencia_de_estoque_para_o_patio_d01_h06": -0.0, "Libera_transferencia_de_estoque_para_o_patio_d01_h07": -0.0, "Libera_transferencia_de_estoque_para_o_patio_d01_h08": -0.0, "Libera_transferencia_de_estoque_para_o_patio_d01_h09": -0.0, "Libera_transferencia_de_estoque_para_o_patio_d01_h10": -0.0, "Libera_transferencia_de_estoque_para_o_patio_d01_h11": -0.0, "Libera_transferencia_de_estoque_para_o_patio_d01_h12": -0.0, "Libera_transferencia_de_estoque_para_o_patio_d01_h13": -0.0, "Libera_transferencia_de_estoque_para_o_patio_d01_h14": -0.0, "Libera_transferencia_de_estoque_para_o_patio_d01_h15": -0.0, "Libera_transferencia_de_estoque_para_o_patio_d01_h16": -0.0, "Libera_transferencia_de_estoque_para_o_patio_d01_h17": -0.0, "Libera_transferencia_de_estoque_para_o_patio_d01_h18": -0.0, "Libera_transferencia_de_estoque_para_o_patio_d01_h19": -0.0, "Libera_transferencia_de_estoque_para_o_patio_d01_h20": -0.0, "Libera_transferencia_de_estoque_para_o_patio_d01_h21": -0.0, "Libera_transferencia_de_estoque_para_o_patio_d01_h22": -0.0, "Libera_transferencia_de_estoque_para_o_patio_d01_h23": 0.0,