{"variaveis": {"Estoque_EB06_PRDT_C_d01_h01": 868.0151609730199, "Estoque_EB06_PRDT_C_d01_h02": 1736.0303219460397, "Estoque_EB06_PRDT_C_d01_h03": 2604.0454829190594, "Estoque_EB06_PRDT_C_d01_h04": 2604.0454829190594, "Estoque_EB06_PRDT_C_d01_h05": 2604.0454829190594, "Estoque_EB06_PRDT_C_d01_h06": 2604.0454829190594, "Estoque_EB06_PRDT_C_d01_h07": 3255.0568536488245, "Estoque_EB06_PRDT_C_d01_h08": 4123.072014621845, "Estoque_EB06_PRDT_C_d01_h09": 4991.087175594865, "Estoque_EB06_PRDT_C_d01_h10": 5859.102336567884, "Estoque_EB06_PRDT_C_d01_h11": 6727.117497540904, "Estoque_EB06_PRDT_C_d01_h12": 7595.132658513924, "Estoque_EB06_PRDT_C_d01_h13": 8463.147819486943, "Estoque_EB06_PRDT_C_d01_h14": 9331.162980459963, "Estoque_EB06_PRDT_C_d01_h15": 10199.178141432983, "Estoque_EB06_PRDT_C_d01_h16": 10199.178141432983, "Estoque_EB06_PRDT_C_d01_h17": 10199.178141432983, "Estoque_EB06_PRDT_C_d01_h18": 10199.178141432983, "Estoque_EB06_PRDT_C_d01_h19": 10199.178141432983, "Estoque_EB06_PRDT_C_d01_h20": 10199.178141432983, "Estoque_EB06_PRDT_C_d01_h21": 10199.178141432983, "Estoque_EB06_PRDT_C_d01_h22": 10199.178141432983, "Estoque_EB06_PRDT_C_d01_h23": 10199.178141432983, "Estoque_EB06_PRDT_C_d01_h24": 10199.178141432983, "Estoque_Pulmao_Concentrador_PRDT_d01_h01": 97500.0, "Estoque_Pulmao_Concentrador_PRDT_d01_h02": 100000.0, "Estoque_Pulmao_Concentrador_PRDT_d01_h03": 97500.0, "Estoque_Pulmao_Concentrador_PRDT_d01_h04": 97500.0, "Estoque_Pulmao_Concentrador_PRDT_d01_h05": 97500.0, "Estoque_Pulmao_Concentrador_PRDT_d01_h06": 97500.0, "Estoque_Pulmao_Concentrador_PRDT_d01_h07": 95625.0, "Estoque_Pulmao_Concentrador_PRDT_d01_h08": 93125.0, "Estoque_Pulmao_Concentrador_PRDT_d01_h09": 90625.0, "Estoque_Pulmao_Concentrador_PRDT_d01_h10": 88125.0, "Estoque_Pulmao_Concentrador_PRDT_d01_h11": 85625.0, "Estoque_Pulmao_Concentrador_PRDT_d01_h12": 83125.0, "Estoque_Pulmao_Concentrador_PRDT_d01_h13": 80625.0, "Estoque_Pulmao_Concentrador_PRDT_d01_h14": 78125.0, "Estoque_Pulmao_Concentrador_PRDT_d01_h15": 75625.0, "Estoque_Pulmao_Concentrador_PRDT_d01_h16": 75625.0, "Estoque_Pulmao_Concentrador_PRDT_d01_h17": 75625.0, "Estoque_Pulmao_Concentrador_PRDT_d01_h18": 75625.0, "Estoque_Pulmao_Concentrador_PRDT_d01_h19": 75625.0, "Estoque_Pulmao_Concentrador_PRDT_d01_h20": 75625.0, "Estoque_Pulmao_Concentrador_PRDT_d01_h21": 75625.0, "Estoque_Pulmao_Concentrador_PRDT_d01_h22": 75625.0, "Estoque_Pulmao_Concentrador_PRDT_d01_h23": 75625.0, "Estoque_Pulmao_Concentrador_PRDT_d01_h24": 75625.0, "Geracao_de_lama___C3___Prog_d01_h01": 214.65843749999993, "Geracao_de_lama___C3___Prog_d01_h02": 214.65843749999993, "Geracao_de_lama___C3___Prog_d01_h03": 214.65843749999993, "Geracao_de_lama___C3___Prog_d01_h04": 0.0, "Geracao_de_lama___C3___Prog_d01_h05": 0.0, "Geracao_de_lama___C3___Prog_d01_h06": 0.0, "Geracao_de_lama___C3___Prog_d01_h07": 160.99382812499994, "Geracao_de_lama___C3___Prog_d01_h08": 214.65843749999993, "Geracao_de_lama___C3___Prog_d01_h09": 214.65843749999993, "Geracao_de_lama___C3___Prog_d01_h10": 214.65843749999993, "Geracao_de_lama___C3___Prog_d01_h11": 214.65843749999993, "Geracao_de_lama___C3___Prog_d01_h12": 214.65843749999993, "Geracao_de_lama___C3___Prog_d01_h13": 214.65843749999993, "Geracao_de_lama___C3___Prog_d01_h14": 214.65843749999993, "Geracao_de_lama___C3___Prog_d01_h15": 214.65843749999993, "Geracao_de_lama___C3___Prog_d01_h16": 0.0, "Geracao_de_lama___C3___Prog_d01_h17": 0.0, "Geracao_de_lama___C3___Prog_d01_h18": 0.0, "Geracao_de_lama___C3___Prog_d01_h19": 0.0, "Geracao_de_lama___C3___Prog_d01_h20": 0.0, "Geracao_de_lama___C3___Prog_d01_h21": 0.0, "Geracao_de_lama___C3___Prog_d01_h22": 0.0, "Geracao_de_lama___C3___Prog_d01_h23": 0.0, "Geracao_de_lama___C3___Prog_d01_h24": 0.0, "Geracao_de_rejeito_arenoso___C3___Prog_d01_h01": 848.7600934228935, "Geracao_de_rejeito_arenoso___C3___Prog_d01_h02": 848.7600934228935, "Geracao_de_rejeito_arenoso___C3___Prog_d01_h03": 848.7600934228935, "Geracao_de_rejeito_arenoso___C3___Prog_d01_h04": 0.0, "Geracao_de_rejeito_arenoso___C3___Prog_d01_h05": 0.0, "Geracao_de_rejeito_arenoso___C3___Prog_d01_h06": 0.0, "Geracao_de_rejeito_arenoso___C3___Prog_d01_h07": 636.5700700671703, "Geracao_de_rejeito_arenoso___C3___Prog_d01_h08": 848.7600934228935, "Geracao_de_rejeito_arenoso___C3___Prog_d01_h09": 848.7600934228935, "Geracao_de_rejeito_arenoso___C3___Prog_d01_h10": 848.7600934228935, "Geracao_de_rejeito_arenoso___C3___Prog_d01_h11": 848.7600934228935, "Geracao_de_rejeito_arenoso___C3___Prog_d01_h12": 848.7600934228935, "Geracao_de_rejeito_arenoso___C3___Prog_d01_h13": 848.7600934228935, "Geracao_de_rejeito_arenoso___C3___Prog_d01_h14": 848.7600934228935, "Geracao_de_rejeito_arenoso___C3___Prog_d01_h15": 848.7600934228935, "Geracao_de_rejeito_arenoso___C3___Prog_d01_h16": 0.0, "Geracao_de_rejeito_arenoso___C3___Prog_d01_h17": 0.0, "Geracao_de_rejeito_arenoso___C3___Prog_d01_h18": 0.0, "Geracao_de_rejeito_arenoso___C3___Prog_d01_h19": 0.0, "Geracao_de_rejeito_arenoso___C3___Prog_d01_h20": 0.0, "Geracao_de_rejeito_arenoso___C3___Prog_d01_h21": 0.0, "Geracao_de_rejeito_arenoso___C3___Prog_d01_h22": 0.0, "Geracao_de_rejeito_arenoso___C3___Prog_d01_h23": 0.0, "Geracao_de_rejeito_arenoso___C3___Prog_d01_h24": 0.0, "Nivel_Taxa_Alimentacao___C3_PRDT_PRDT_C_d01_h01": 4.0, "Nivel_Taxa_Alimentacao___C3_PRDT_PRDT_C_d01_h02": 4.0, "Nivel_Taxa_Alimentacao___C3_PRDT_PRDT_C_d01_h03": 4.0, "Nivel_Taxa_Alimentacao___C3_PRDT_PRDT_C_d01_h04": -0.0, "Nivel_Taxa_Alimentacao___C3_PRDT_PRDT_C_d01_h05": 0.0, "Nivel_Taxa_Alimentacao___C3_PRDT_PRDT_C_d01_h06": -0.0, "Nivel_Taxa_Alimentacao___C3_PRDT_PRDT_C_d01_h07": 3.0, "Nivel_Taxa_Alimentacao___C3_PRDT_PRDT_C_d01_h08": 4.0, "Nivel_Taxa_Alimentacao___C3_PRDT_PRDT_C_d01_h09": 4.0, "Nivel_Taxa_Alimentacao___C3_PRDT_PRDT_C_d01_h10": 4.0, "Nivel_Taxa_Alimentacao___C3_PRDT_PRDT_C_d01_h11": 4.0, "Nivel_Taxa_Alimentacao___C3_PRDT_PRDT_C_d01_h12": 4.0, "Nivel_Taxa_Alimentacao___C3_PRDT_PRDT_C_d01_h13": 4.0, "Nivel_Taxa_Alimentacao___C3_PRDT_PRDT_C_d01_h14": 4.0, "Nivel_Taxa_Alimentacao___C3_PRDT_PRDT_C_d01_h15": 4.0, "Nivel_Taxa_Alimentacao___C3_PRDT_PRDT_C_d01_h16": -0.0, "Nivel_Taxa_Alimentacao___C3_PRDT_PRDT_C_d01_h17": 0.0, "Nivel_Taxa_Alimentacao___C3_PRDT_PRDT_C_d01_h18": -0.0, "Nivel_Taxa_Alimentacao___C3_PRDT_PRDT_C_d01_h19": 0.0, "Nivel_Taxa_Alimentacao___C3_PRDT_PRDT_C_d01_h20": 0.0, "Nivel_Taxa_Alimentacao___C3_PRDT_PRDT_C_d01_h21": -0.0, "Nivel_Taxa_Alimentacao___C3_PRDT_PRDT_C_d01_h22": 0.0, "Nivel_Taxa_Alimentacao___C3_PRDT_PRDT_C_d01_h23": -0.0, "Nivel_Taxa_Alimentacao___C3_PRDT_PRDT_C_d01_h24": -0.0, "Producao___C3___Prog_PRDT_C_d01_h01": 1196.1439690771065, "Producao___C3___Prog_PRDT_C_d01_h02": 1196.1439690771065, "Producao___C3___Prog_PRDT_C_d01_h03": 1196.1439690771065, "Producao___C3___Prog_PRDT_C_d01_h04": 0.0, "Producao___C3___Prog_PRDT_C_d01_h05": 0.0, "Producao___C3___Prog_PRDT_C_d01_h06": 0.0, "Producao___C3___Prog_PRDT_C_d01_h07": 897.1079768078298, "Producao___C3___Prog_PRDT_C_d01_h08": 1196.1439690771065, "Producao___C3___Prog_PRDT_C_d01_h09": 1196.1439690771065, "Producao___C3___Prog_PRDT_C_d01_h10": 1196.1439690771065, "Producao___C3___Prog_PRDT_C_d01_h11": 1196.1439690771065, "Producao___C3___Prog_PRDT_C_d01_h12": 1196.1439690771065, "Producao___C3___Prog_PRDT_C_d01_h13": 1196.1439690771065, "Producao___C3___Prog_PRDT_C_d01_h14": 1196.1439690771065, "Producao___C3___Prog_PRDT_C_d01_h15": 1196.1439690771065, "Producao___C3___Prog_PRDT_C_d01_h16": 0.0, "Producao___C3___Prog_PRDT_C_d01_h17": 0.0, "Producao___C3___Prog_PRDT_C_d01_h18": 0.0, "Producao___C3___Prog_PRDT_C_d01_h19": 0.0, "Producao___C3___Prog_PRDT_C_d01_h20": 0.0, "Producao___C3___Prog_PRDT_C_d01_h21": 0.0, "Producao___C3___Prog_PRDT_C_d01_h22": 0.0, "Producao___C3___Prog_PRDT_C_d01_h23": 0.0, "Producao___C3___Prog_PRDT_C_d01_h24": 0.0, "Producao_volume_hora___C3___Prog_PRDT_C_d01_h01": 868.0151609730199, "Producao_volume_hora___C3___Prog_PRDT_C_d01_h02": 868.0151609730199,